amino_acid,ser,arg,ala,val,pro,tyr,ile,phe,glu,leu,lys,asn,met,trp,cys,his,asp,thr,gln,gly
akashi,11.7,27.3,11.7,23.3,20.3,50.0,32.3,52.0,15.3,27.3,30.3,14.7,34.3,74.3,24.7,38.3,12.7,18.7,16.3,11.7
sul-rel,0,0,0,0,0,0,0,0,0,0,0,0,0.0507,0,0.006599967,0,0,0,0,0
weight,105.1,174.2,89.1,117.2,115.1,181.2,131.2,165.2,147.1,131.2,146.2,132.1,149.2,204.2,121.2,155.2,133.1,119.1,146.2,75.1
glu-abs,0.492863333,1.392533333,0.5,0.957186667,0.994126667,1.773826667,1.207136667,1.838066667,0.864303333,1.207193333,1.314213333,0.785703333,1.25002,2.392936667,0.749223333,1.46183,0.614283333,0.685786667,0.921453333,0.307143667
sul-abs,0,0,0,0,0,0,0,0,0,0,0,0,1,0,1,0,0,0,0,0
amm-rel,0.185400667,0.6428,0.4588,0.264669333,0.164700333,0.102003333,0.192701667,0.133903333,0.3018,0.296398667,0.5724,0.203331333,0.050702667,0.0568,0.0066015,0.198888667,0.297499,0.191402,0.210799333,0.2904
glu-rel,0.091376667,0.223780333,0.229400333,0.253271667,0.163732667,0.180930333,0.232615,0.246117333,0.260846667,0.357813333,0.376126667,0.079906333,0.063376,0.067959333,0.004944867,0.096919333,0.182749,0.13126,0.097121333,0.089194333
amm-abs,1,4,1,1,1,1,1,1,1,1,2,2,1,2,1,3,1,1,2,1
